Model,RMSE,MAE,MAPE
lstm_pso,3.979797842985704,2.932495900664705,0.017504636856536613
elm_pso,3.958427958746953,2.939222049068208,0.0174968991349972
hybrid_pso,4.008710393322021,2.9727453583685866,0.017695342332432636
arima,3.9542971702633576,2.9427605589884633,1.7517845701955672
